<?xml version="1.0" encoding="utf-8"?>
<prefix name="ganalytics" label="Google Analytics" language_tag="en" language_label="English"><key name="admin_index_heading"><value>Google Analytics management</value></key><key name="admin_index_property_id_save_error_message"><value>Please submit valid value</value></key><key name="admin_index_property_id_save_success_message"><value>Parameters updated</value></key><key name="admin_notification_text"><value>&lt;i&gt;Google Analytics&lt;/i&gt; plugin should be configured to work properly. &lt;a href="{$link}"&gt;Go to settings page.&lt;/a&gt;</value></key><key name="admin_settings_section_label"><value>Parameters</value></key><key name="admin_settings_web_property_id_desc"><value>This is how Google Analytics identifies your site. &lt;a href="https://www.google.com/support/googleanalytics/bin/answer.py?answer=113500&amp;hl=en_US"&gt;Read more&lt;/a&gt;</value></key><key name="admin_settings_web_property_id_label"><value>Web Property ID</value></key><key name="admin_sidebar_menu_label"><value>Google Analytics</value></key></prefix>
